{
    "welcome": {
        "eng": "Benvenuto, send your username and password separated by space",
        "rus": "Добро пожаловать, отправьте имя пользователя и пароль ..."
    },
    "register": {
        "eng": "🔵 Registration",
        "rus": "🔵 Регистрация"
    },
    "register_init": {
        "eng": "Please register to start using the bot",
        "rus": "Пожалуйста зарегистрируйтесь чтобы начать пользоваться ботом"
    },
    "user_created": {
        "eng": "User has been created",
        "rus": "Пользователь создан"
    },
    "wrong_username": {
        "eng": "Incorrect username",
        "rus": "Неверное имя пользователя"
    },
    "wrong_password": {
        "eng": "Incorrect password",
        "rus": "Неверный пароль, для получения пароля зайдите в веб приложение по адресу $[1]"
    },
    "qr_error": {
        "eng": "Incorrect QR code",
        "rus": "Не получилось прочесть QR код, сделайте снимок заново либо введите пароль вручную"
    },
    "right_password": {
        "eng": "Password is correct, please choose method to upload your photo",
        "rus": "Отлично 👍, теперь выберите метод для загрузки фото 👇"
    },
    "duplicate_username": {
        "eng": "Username exists",
        "rus": "Пользователь с таким логином уже есть"
    },
    "duplicate_id": {
        "eng": "Your accoun has an existing link",
        "rus": "На ваш аккаунт уже привязана учётная запись"
    },
    "wrong_credentials": {
        "eng": "Wrong credentials, make sure you are entering in the format 'Username password'",
        "rus": "Неправильное им пользователя или пароль, 'Username password'"
    },
    "registration_complete": {
        "eng": "Registration complete",
        "rus": "Регистрация завершена"
    },
    "main": {
        "eng": "Choose action",
        "rus": "Выберите действие"
    },
    "about_me": {
        "eng": "ℹ️ About me",
        "rus": "ℹ️ Обо мне"
    },
    "stats": {
        "eng": "📊 Stats",
        "rus": "📊 Статистика"
    },
    "progress": {
        "eng": "📈 Current progress",
        "rus": "📈 Текущий прогресс"
    },
    "total": {
        "eng": "Σ Total tests",
        "rus": "Σ Всего тестов"
    },
    "no_progress": {
        "eng": "You haven't completed any quizzes",
        "rus": "Вы не закончили ни одной викторины"
    },
    "top": {
        "eng": "🔝 Top users",
        "rus": "🔝 Топ пользователей"
    },
    "choose_criteria": {
        "eng": "Choose criteria 👇",
        "rus": "Выберите критерий 👇"
    },
    "by_company": {
        "eng": "🏢 Whole company",
        "rus": "🏢 По компании"
    },
    "by_department": {
        "eng": "🕺 By department",
        "rus": "🕺 По вашей дирекции"
    },
    "quizzes_completed": {
        "eng": "Completed",
        "rus": "Пройдено"
    },
    "quiz": {
        "eng": "🎲 Quiz",
        "rus": "🎲 Викторина"
    },
    "quiz_new": {
        "eng": "🆕 New",
        "rus": "🆕 Изучение"
    },
    "quiz_name": {
        "eng": "👔 By name",
        "rus": "👔 По ФИО"
    },
    "quiz_job": {
        "eng": "💼 By job",
        "rus": "💼 По должности"
    },
    "quiz_name_question_male": {
        "eng": "What's his name?",
        "rus": "Как его зовут?"
    },
    "quiz_job_question_male": {
        "eng": "What's his job?",
        "rus": "Чем он занимается?"
    },
    "quiz_name_question_female": {
        "eng": "What's her name?",
        "rus": "Как её зовут?"
    },
    "quiz_job_question_female": {
        "eng": "What's her job?",
        "rus": "Чем она занимается?"
    },
    "edit_info": {
        "eng": "✏ Edit info",
        "rus": "✏ Редактировать"
    },
    "department": {
        "eng": "🏬 Department",
        "rus": "🏬 Дирекция"
    },
    "name": {
        "eng": "👔 Name",
        "rus": "👔 ФИО"
    },
    "username": {
        "eng": "👥 Username",
        "rus": "👥 Пользователь"
    },
    "job": {
        "eng": "💼 Job",
        "rus": "💼 Должность"
    },
    "photo": {
        "eng": "📷 Photo",
        "rus": "📷 Фото"
    },
    "gender": {
        "eng": "♀️♂️ Gender",
        "rus": "♀️♂️ Пол"
    },
    "settings": {
        "eng": "🛠 Settings",
        "rus": "🛠 Настройки"
    },
    "reset": {
        "eng": "⚪ Reset progress",
        "rus": "⚪ Сбросить прогресс"
    },
    "delete": {
        "eng": "🔴 Delete account",
        "rus": "🔴 Удалить аккаунт"
    },
    "back": {
        "eng": "⬅️ Back",
        "rus": "⬅️ Назад"
    },
    "yes": {
        "eng": "✅ Yes",
        "rus": "✅ Да"
    },
    "correct_answer_feedback": {
        "eng": "That is correct ✔;Well done 💪",
        "rus": "Правильно ✔;Молодец ✅;Так держать 💪"
    },
    "incorrect_answer_feedback": {
        "eng": "Incorrect ✘; No worries ✖",
        "rus": "Неверно 😅; Не волнуйся 😊, продолжай 👉"
    },
    "report_after_quiz": {
        "eng": "`$[1] question(s) completed\n\nCorrect   $[2]\n\nIncorrect $[3]`",
        "rus": "`----------------------\nПройдено $[1]\n\n$[2] -> ✅\n\n$[3] -> ❌\n\n----------------------`"
    },
    "completed": {
        "eng": "Completed cards $[1]",
        "rus": "Пройдено карточек: $[1]"
    },
    "completed_new": {
        "eng": "Learned $[1] cards",
        "rus": "Изучено $[1] карточек"
    },
    "correct": {
        "eng": "✅",
        "rus": "✅"
    },
    "incorrect": {
        "eng": "✖️",
        "rus": "✖️"
    },
    "no": {
        "eng": "❌ No",
        "rus": "❌ Нет"
    },
    "know": {
        "eng": "🤘 I know him",
        "rus": "🤔 Знаю"
    },
    "remember": {
        "eng": "📌 Remember",
        "rus": "📌 Запомнить"
    },
    "no_quiz": {
        "eng": "*No quizzes here for you*",
        "rus": "*Нет карточек в этом разделе, пройдите* _Изучение_ *для начала*"
    },
    "no_new_quiz": {
        "eng": "*No quizzes here for you*",
        "rus": "*Нет карточек в этом разделе*"
    },
    "male": {
        "eng": "♂️ Male",
        "rus": "♂️ Мужчина"
    },
    "female": {
        "eng": "♀️️ Female",
        "rus": "♀️️ Женшина"
    },
    "set_username": {
        "eng": "Enter username",
        "rus": "Введите имя пользователя"
    },
    "set_name": {
        "eng": "Enter name",
        "rus": "Введите имя"
    },
    "set_name_error": {
        "eng": "Name is too long",
        "rus": "Длина текста больше чем поддерживает телеграм"
    },
    "set_department": {
        "eng": "Choose department",
        "rus": "Выберите дирекцию"
    },
    "set_job": {
        "eng": "💼 Enter profession",
        "rus": "💼 Введите должность"
    },
    "set_gender": {
        "eng": "Choose gender",
        "rus": "Указать пол"
    },
    "choose_from_list": {
        "eng": "Choose from the list 👇",
        "rus": "Выберите из списка 👇"
    },
    "set_photo": {
        "eng": "Choose method 👇",
        "rus": "Выберите метод 👇"
    },
    "set_photo_success": {
        "eng": "Photo has been set 👍",
        "rus": "Фотография изменена 👍"
    },
    "upload_photo": {
        "eng": "🔼 Upload photo",
        "rus": "🔼 Загрузите фото"
    },
    "upload_photo_error": {
        "eng": "Upload item as photo 🖼️",
        "rus": "Загрузите файл как фото 🖼️"
    },
    "choose_photo": {
        "eng": "🖼️ From profile",
        "rus": "🖼️ Из фото профиля"
    },
    "choose_photo_error": {
        "eng": "No photos in your account",
        "rus": "На вашем аккаунте нет фотографий"
    },
    "choose": {
        "eng": "✔️",
        "rus": "✔️"
    },
    "choose_action": {
        "eng": "Choose action 👇",
        "rus": "Выберите действие 👇"
    },
    "choose_quiz_type": {
        "eng": "Choose quiz type",
        "rus": "Выберите тип викторины"
    },
    "change_success": {
        "eng": "Successfully changed ✔️",
        "rus": "Информация успешно отредактирована ✔️"
    },
    "not_active": {
        "eng": "Your account is not active, please fill in theese fields:\n",
        "rus": "Ваш аккунт не активен, пожалуйста проходя по 'Настройки>О себе' заполните следующие данные:\n"
    },
    "activate": {
        "eng": "🔑 Activate",
        "rus": "🔑 Активация"
    },
    "send_password": {
        "eng": "Send password",
        "rus": "Отправьте пароль 🔑 или фотографию QR кода 📸 полученный в веб приложении"
    },
    "activated": {
        "eng": "Your account is now active",
        "rus": "Ваш аккунт успешно активирован"
    },
    "deleted": {
        "eng": "Your account is deleted",
        "rus": "Ваш аккунт успешно удалён"
    },
    "reseted": {
        "eng": "Progress has been reset",
        "rus": "Прогресс успешно сброшен"
    },
    "confirm": {
        "eng": "Are you sure?",
        "rus": "Вы уверены?"
    },
    "quiz_completed": {
        "eng": "Quiz completed ✨",
        "rus": "Викторина завершена ✨"
    },
    "no_photo_detected": {
        "eng": "No photo sent",
        "rus": "Неверный тип данных"
    },
    "authorize": {
        "eng": "Authorization",
        "rus": "Авторизация"
    },
    "web_username": {
        "eng": "Username",
        "rus": "Имя пользователя"
    },
    "password": {
        "eng": "Password",
        "rus": "Пароль"
    },
    "get_password": {
        "eng": "Get password",
        "rus": "Получить пароль"
    },
    "invalid_credentials": {
        "eng": "Invalid credentials",
        "rus": "Неверное имя пользователя или пароль"
    },
    "temporary_password": {
        "eng": "Temporary password",
        "rus": "Временной пароль"
    }
}